{
  "timestamp": "2025-09-03T00:06:33.243545",
  "region": "california",
  "years_analyzed": 10,
  "total_events": 42772,
  "mainshocks": 9494,
  "optimal_scale": "yearly",
  "optimal_noise": 0.04941713361323833,
  "metrics": {
    "order_parameter": 0.6538010004658628,
    "susceptibility": 0.0824705554978465,
    "correlation_length": 275.0,
    "entropy": 7.503488771820053,
    "fractal_dimension": 1.8011098480902636,
    "hurst_exponent": 0.7865883880759228,
    "b_value": 1.5760225648154054,
    "quiescence_30d": -2.8583009220070643,
    "quiescence_90d": 2.8090015837251947,
    "quiescence_365d": 3.0,
    "criticality_index": 832.8986110583038,
    "warning_level": "CRITICAL"
  },
  "validation_success_rate": 1.0
}