{
  "region": "japan",
  "parameters": {
    "M4.5+": {
      "sigma_c": 0.0060650372626717035,
      "time_window": 365,
      "decision_threshold": 0.11111111111111112,
      "score": 0.9357288006007896
    },
    "M5.0+": {
      "sigma_c": 0.0034759639808878027,
      "time_window": 365,
      "decision_threshold": 0.3666666666666667,
      "score": 0.8748660805303817
    },
    "M5.5+": {
      "sigma_c": 0.002976351441631319,
      "time_window": 365,
      "decision_threshold": 0.7000000000000001,
      "score": 0.6671066849942725
    }
  },
  "bootstrap_results": {
    "M4.5+": {
      "aucs": {
        "mean": 0.8820317493031236,
        "std": 0.011709635693686375,
        "ci_95": [
          0.8596602759710489,
          0.9016429956591981
        ]
      },
      "precisions": {
        "mean": 0.9423302960932746,
        "std": 0.00475543397280714,
        "ci_95": [
          0.9340945583890043,
          0.9505822823855571
        ]
      },
      "recalls": {
        "mean": 0.8688332453499641,
        "std": 0.018123977220649602,
        "ci_95": [
          0.8380042762394573,
          0.9014563596049183
        ]
      },
      "f1s": {
        "mean": 0.9039998445543483,
        "std": 0.010621175041905656,
        "ci_95": [
          0.8870642290000332,
          0.9223575783056549
        ]
      }
    },
    "M5.0+": {
      "aucs": {
        "mean": 0.8431938911726498,
        "std": 0.0143389934371474,
        "ci_95": [
          0.8148200003665719,
          0.8667134305676166
        ]
      },
      "precisions": {
        "mean": 0.766697557089225,
        "std": 0.019285792091597517,
        "ci_95": [
          0.7329543157469173,
          0.7995054945054946
        ]
      },
      "recalls": {
        "mean": 0.768112183657761,
        "std": 0.02925700994590313,
        "ci_95": [
          0.7134615384615384,
          0.8173852204133895
        ]
      },
      "f1s": {
        "mean": 0.7670376214586111,
        "std": 0.01837850587675178,
        "ci_95": [
          0.735826078140643,
          0.7961330324693477
        ]
      }
    },
    "M5.5+": {
      "aucs": {
        "mean": 0.7961280777059399,
        "std": 0.028691634319862873,
        "ci_95": [
          0.7443653943524831,
          0.8431615942028985
        ]
      },
      "precisions": {
        "mean": 0.5772032950319486,
        "std": 0.04870933115244106,
        "ci_95": [
          0.4835702479338843,
          0.6476024590163935
        ]
      },
      "recalls": {
        "mean": 0.5365590339479277,
        "std": 0.05304512830288667,
        "ci_95": [
          0.42960962056578356,
          0.6442949520233625
        ]
      },
      "f1s": {
        "mean": 0.5550772650410951,
        "std": 0.04502418430009179,
        "ci_95": [
          0.4476122594440485,
          0.6385039680306185
        ]
      }
    }
  },
  "cv_results": {
    "M4.5+": {
      "auc_mean": 0.9031826184347016,
      "auc_std": 0.02402288375894775,
      "precision_mean": 0.9069742084689205,
      "precision_std": 0.053316948635779564,
      "recall_mean": 0.9426117616200547,
      "recall_std": 0.016985003206447424,
      "f1_mean": 0.9234891161723304,
      "f1_std": 0.02826615549186749
    },
    "M5.0+": {
      "auc_mean": 0.8814287602430486,
      "auc_std": 0.030911241703549603,
      "precision_mean": 0.7547851220572933,
      "precision_std": 0.07799003673567324,
      "recall_mean": 0.8959045181720183,
      "recall_std": 0.03031452771485883,
      "f1_mean": 0.8175283685805524,
      "f1_std": 0.0543095659824616
    },
    "M5.5+": {
      "auc_mean": 0.85249273575311,
      "auc_std": 0.034204530166348175,
      "precision_mean": 0.6082138111290156,
      "precision_std": 0.11147292859357984,
      "recall_mean": 0.7337433535678896,
      "recall_std": 0.07884216455432899,
      "f1_mean": 0.6617327307010438,
      "f1_std": 0.09362631137932363
    }
  }
}