{
  "region": "chile",
  "parameters": {
    "M4.5+": {
      "sigma_c": 0.0022720635465602167,
      "time_window": 365,
      "decision_threshold": 0.4,
      "score": 0.8891424171511029
    },
    "M5.0+": {
      "sigma_c": 0.0008337822234717892,
      "time_window": 365,
      "decision_threshold": 0.7000000000000001,
      "score": 0.7152014171629337
    },
    "M5.5+": {
      "sigma_c": 0.0069519279617756054,
      "time_window": 120,
      "decision_threshold": 0.7000000000000001,
      "score": 0.6540209875298173
    }
  },
  "bootstrap_results": {
    "M4.5+": {
      "aucs": {
        "mean": 0.8780127266900912,
        "std": 0.013682842581539185,
        "ci_95": [
          0.8544278351187996,
          0.9039470256641782
        ]
      },
      "precisions": {
        "mean": 0.8490523582394096,
        "std": 0.010475415694048494,
        "ci_95": [
          0.8318374699570409,
          0.86980073193632
        ]
      },
      "recalls": {
        "mean": 0.9059030625620231,
        "std": 0.016184177188469585,
        "ci_95": [
          0.8766342557263845,
          0.937517660348568
        ]
      },
      "f1s": {
        "mean": 0.8764486383061864,
        "std": 0.009162393709670183,
        "ci_95": [
          0.8590485669199057,
          0.8952193345984106
        ]
      }
    },
    "M5.0+": {
      "aucs": {
        "mean": 0.8321251161168486,
        "std": 0.0182771663620218,
        "ci_95": [
          0.7985682231493367,
          0.867711024590164
        ]
      },
      "precisions": {
        "mean": 0.5944770182265848,
        "std": 0.036192071126683774,
        "ci_95": [
          0.5365335093027748,
          0.6524410774410775
        ]
      },
      "recalls": {
        "mean": 0.7579532085164081,
        "std": 0.04553768328744046,
        "ci_95": [
          0.6807692307692307,
          0.8366886716387825
        ]
      },
      "f1s": {
        "mean": 0.6651255756947385,
        "std": 0.028662861935451825,
        "ci_95": [
          0.6122422903672904,
          0.7087637387591971
        ]
      }
    },
    "M5.5+": {
      "aucs": {
        "mean": 0.7940477258500879,
        "std": 0.03408162129570429,
        "ci_95": [
          0.7385504372329098,
          0.8408338065947697
        ]
      },
      "precisions": {
        "mean": 0.48195280609159424,
        "std": 0.054281366078635554,
        "ci_95": [
          0.37714627477785373,
          0.589665404040404
        ]
      },
      "recalls": {
        "mean": 0.49808949480589554,
        "std": 0.07534360897788382,
        "ci_95": [
          0.3738865546218487,
          0.641687979539642
        ]
      },
      "f1s": {
        "mean": 0.4879782865570323,
        "std": 0.057283752562115715,
        "ci_95": [
          0.36188266041816874,
          0.5815063754077295
        ]
      }
    }
  },
  "cv_results": {
    "M4.5+": {
      "auc_mean": 0.8414821254919437,
      "auc_std": 0.0441375428263556,
      "precision_mean": 0.7150066250945744,
      "precision_std": 0.12679924382120783,
      "recall_mean": 0.8857770421948181,
      "recall_std": 0.06891926520721887,
      "f1_mean": 0.786848190486731,
      "f1_std": 0.09599670176939268
    },
    "M5.0+": {
      "auc_mean": 0.7954420497900443,
      "auc_std": 0.04920551634337417,
      "precision_mean": 0.4507081824255833,
      "precision_std": 0.18015034483514328,
      "recall_mean": 0.6966994344944291,
      "recall_std": 0.15385142931864923,
      "f1_mean": 0.5250620025848064,
      "f1_std": 0.13816311443743584
    },
    "M5.5+": {
      "auc_mean": 0.7876376556132392,
      "auc_std": 0.04302621833717087,
      "precision_mean": 0.41616826209251306,
      "precision_std": 0.04650728447132823,
      "recall_mean": 0.585832086666524,
      "recall_std": 0.11114169742321812,
      "f1_mean": 0.4848685381828223,
      "f1_std": 0.06956658182156925
    }
  }
}