{
  "california": {
    "optimal_params": {
      "M4.5+": {
        "sigma_c": 0.0006544447885847781,
        "time_window": 30,
        "decision_threshold": 0.3111111111111111,
        "score": 0.7476400526718727
      },
      "M5.0+": {
        "sigma_c": 0.0002292460098988153,
        "time_window": 30,
        "decision_threshold": 0.24444444444444446,
        "score": 0.7486702381650159
      },
      "M5.5+": {
        "sigma_c": 0.005952702883262638,
        "time_window": 365,
        "decision_threshold": 0.7666666666666667,
        "score": 0.8674492753623189
      }
    },
    "bootstrap_results": {
      "M4.5+": {
        "aucs": {
          "mean": 0.8566747266185177,
          "std": 0.029510241720665135,
          "ci_95": [
            0.7977770689655173,
            0.899853204008222
          ]
        },
        "precisions": {
          "mean": 0.4954984638081553,
          "std": 0.057069738120107606,
          "ci_95": [
            0.3466666666666667,
            0.5700767690253671
          ]
        },
        "recalls": {
          "mean": 0.7104940805675137,
          "std": 0.11955789855985961,
          "ci_95": [
            0.44933473389355744,
            0.8858594482389179
          ]
        },
        "f1s": {
          "mean": 0.5823380676348563,
          "std": 0.07644308524356531,
          "ci_95": [
            0.3942852346945004,
            0.6878068583436814
          ]
        }
      },
      "M5.0+": {
        "aucs": {
          "mean": 0.8605441246078083,
          "std": 0.037962298061397774,
          "ci_95": [
            0.7778686354006867,
            0.9236466733870967
          ]
        },
        "precisions": {
          "mean": 0.41028284013698035,
          "std": 0.05296223656463966,
          "ci_95": [
            0.3052122641509434,
            0.4982142857142857
          ]
        },
        "recalls": {
          "mean": 0.7854052758471021,
          "std": 0.13210340783964097,
          "ci_95": [
            0.5483630952380952,
            0.9931818181818182
          ]
        },
        "f1s": {
          "mean": 0.5375388866099838,
          "std": 0.07250069222571456,
          "ci_95": [
            0.4067811934900542,
            0.6453484195402298
          ]
        }
      },
      "M5.5+": {
        "aucs": {
          "mean": 0.8866398559771663,
          "std": 0.05026172272976192,
          "ci_95": [
            0.7886577900214263,
            0.9710210937499999
          ]
        },
        "precisions": {
          "mean": 0.6534242956117956,
          "std": 0.1945825779208343,
          "ci_95": [
            0.23500000000000001,
            1.0
          ]
        },
        "recalls": {
          "mean": 0.46043356099954397,
          "std": 0.16289912451707342,
          "ci_95": [
            0.138125,
            0.7460227272727272
          ]
        },
        "f1s": {
          "mean": 0.5257424044434049,
          "std": 0.1535151284140826,
          "ci_95": [
            0.17692307692307693,
            0.7598214285714285
          ]
        }
      }
    },
    "cv_results": {
      "M4.5+": {
        "auc_mean": 0.8673415568453183,
        "auc_std": 0.03699660133296099,
        "precision_mean": 0.42421366569506314,
        "precision_std": 0.05074296960251626,
        "recall_mean": 0.8529409722729475,
        "recall_std": 0.08874760008145044,
        "f1_mean": 0.5652498156601787,
        "f1_std": 0.05694104081617992
      },
      "M5.0+": {
        "auc_mean": 0.860919155064825,
        "auc_std": 0.058704720636723426,
        "precision_mean": 0.3598178704856787,
        "precision_std": 0.052831342420244516,
        "recall_mean": 0.9094098883572569,
        "recall_std": 0.08946444413790396,
        "f1_mean": 0.5132344159859125,
        "f1_std": 0.06071169502465129
      },
      "M5.5+": {
        "auc_mean": 0.8911507936507936,
        "auc_std": 0.016362396436120776,
        "precision_mean": 0.4761904761904762,
        "precision_std": 0.05649247752397521,
        "recall_mean": 0.5484126984126985,
        "recall_std": 0.17796546215298287,
        "f1_mean": 0.4920634920634921,
        "f1_std": 0.05939138709164986
      }
    }
  },
  "japan": {
    "optimal_params": {
      "M4.5+": {
        "sigma_c": 0.0060650372626717035,
        "time_window": 365,
        "decision_threshold": 0.11111111111111112,
        "score": 0.9357288006007896
      },
      "M5.0+": {
        "sigma_c": 0.0034759639808878027,
        "time_window": 365,
        "decision_threshold": 0.3666666666666667,
        "score": 0.8748660805303817
      },
      "M5.5+": {
        "sigma_c": 0.002976351441631319,
        "time_window": 365,
        "decision_threshold": 0.7000000000000001,
        "score": 0.6671066849942725
      }
    },
    "bootstrap_results": {
      "M4.5+": {
        "aucs": {
          "mean": 0.8820317493031236,
          "std": 0.011709635693686375,
          "ci_95": [
            0.8596602759710489,
            0.9016429956591981
          ]
        },
        "precisions": {
          "mean": 0.9423302960932746,
          "std": 0.00475543397280714,
          "ci_95": [
            0.9340945583890043,
            0.9505822823855571
          ]
        },
        "recalls": {
          "mean": 0.8688332453499641,
          "std": 0.018123977220649602,
          "ci_95": [
            0.8380042762394573,
            0.9014563596049183
          ]
        },
        "f1s": {
          "mean": 0.9039998445543483,
          "std": 0.010621175041905656,
          "ci_95": [
            0.8870642290000332,
            0.9223575783056549
          ]
        }
      },
      "M5.0+": {
        "aucs": {
          "mean": 0.8431938911726498,
          "std": 0.0143389934371474,
          "ci_95": [
            0.8148200003665719,
            0.8667134305676166
          ]
        },
        "precisions": {
          "mean": 0.766697557089225,
          "std": 0.019285792091597517,
          "ci_95": [
            0.7329543157469173,
            0.7995054945054946
          ]
        },
        "recalls": {
          "mean": 0.768112183657761,
          "std": 0.02925700994590313,
          "ci_95": [
            0.7134615384615384,
            0.8173852204133895
          ]
        },
        "f1s": {
          "mean": 0.7670376214586111,
          "std": 0.01837850587675178,
          "ci_95": [
            0.735826078140643,
            0.7961330324693477
          ]
        }
      },
      "M5.5+": {
        "aucs": {
          "mean": 0.7961280777059399,
          "std": 0.028691634319862873,
          "ci_95": [
            0.7443653943524831,
            0.8431615942028985
          ]
        },
        "precisions": {
          "mean": 0.5772032950319486,
          "std": 0.04870933115244106,
          "ci_95": [
            0.4835702479338843,
            0.6476024590163935
          ]
        },
        "recalls": {
          "mean": 0.5365590339479277,
          "std": 0.05304512830288667,
          "ci_95": [
            0.42960962056578356,
            0.6442949520233625
          ]
        },
        "f1s": {
          "mean": 0.5550772650410951,
          "std": 0.04502418430009179,
          "ci_95": [
            0.4476122594440485,
            0.6385039680306185
          ]
        }
      }
    },
    "cv_results": {
      "M4.5+": {
        "auc_mean": 0.9031826184347016,
        "auc_std": 0.02402288375894775,
        "precision_mean": 0.9069742084689205,
        "precision_std": 0.053316948635779564,
        "recall_mean": 0.9426117616200547,
        "recall_std": 0.016985003206447424,
        "f1_mean": 0.9234891161723304,